"INSEE_COM","CITY","MED16"
75056,"Paris",26.808
75101,"Paris 1er Arrondissement",32.6973333333333
75102,"Paris 2e Arrondissement",30.5665
75103,"Paris 3e Arrondissement",31.333
75104,"Paris 4e Arrondissement",31.0072222222222
75105,"Paris 5e Arrondissement",33.1693333333333
75106,"Paris 6e Arrondissement",39.0626666666667
75107,"Paris 7e Arrondissement",42.4655555555556
75108,"Paris 8e Arrondissement",40.54
75109,"Paris 9e Arrondissement",33.258
75110,"Paris 10e Arrondissement",25.618
75111,"Paris 11e Arrondissement",26.8103333333333
75112,"Paris 12e Arrondissement",27.11
75113,"Paris 13e Arrondissement",23.7506847826087
75114,"Paris 14e Arrondissement",27.2876
75115,"Paris 15e Arrondissement",30.448
75116,"Paris 16e Arrondissement",38.387
75117,"Paris 17e Arrondissement",30.2815
75118,"Paris 18e Arrondissement",21.5417391304348
75119,"Paris 19e Arrondissement",19.6106666666667
75120,"Paris 20e Arrondissement",21.0173333333333
77001,"Achères-la-Forêt",28.596
77002,"Amillis",22.8766666666667
77003,"Amponville",25.60625
77004,"Andrezel",26.8713043478261
77005,"Annet-sur-Marne",26.606
77006,"Arbonne-la-Forêt",26.0923333333333
77007,"Argentières",26.3872
77008,"Armentières-en-Brie",20.22
77009,"Arville",23.276
77010,"Aubepierre-Ozouer-le-Repos",24.5133333333333
77011,"Aufferville",23.3115384615385
77012,"Augers-en-Brie",22.286
77013,"Aulnoy",26.01
77014,"Avon",22.1165
77015,"Baby",NA
77016,"Bagneaux-sur-Loing",18.7566666666667
77018,"Bailly-Romainvilliers",24.604
77019,"Balloy",24.2886666666667
77020,"Bannost-Villegagnon",23.6466666666667
77021,"Barbey",22.2356666666667
77022,"Barbizon",32.8873333333333
77023,"Barcy",22.6071428571429
77024,"Bassevelle",22.0222222222222
77025,"Bazoches-lès-Bray",21.6173076923077
77026,"Beauchery-Saint-Martin",20.3706666666667
77027,"Beaumont-du-Gâtinais",20.7828571428571
77029,"Beauvoir",23.6395
77030,"Bellot",22.0105555555556
77031,"Bernay-Vilbert",25.9761904761905
77032,"Beton-Bazoches",20.56
77033,"Bezalles",22.9373333333333
77034,"Blandy",26.9208
77035,"Blennes",23.3914285714286
77036,"Boisdon",24.3366666666667
77037,"Bois-le-Roi",30.6980952380952
77038,"Boissettes",29.4175
77039,"Boissise-la-Bertrand",29.5833333333333
77040,"Boissise-le-Roi",27.5983333333333
77041,"Boissy-aux-Cailles",25.934
77042,"Boissy-le-Châtel",23.444
77043,"Boitron",23.7213333333333
77044,"Bombon",24.474
77045,"Bougligny",22.691
77046,"Boulancourt",23.4909523809524
77047,"Bouleurs",24.7647619047619
77048,"Bourron-Marlotte",26.9096428571429
77049,"Boutigny",28.0857142857143
77050,"Bransles",22.21
77051,"Bray-sur-Seine",19.2226666666667
77052,"Bréau",24.7529166666667
77053,"Brie-Comte-Robert",23.2964
77054,"La Brosse-Montceaux",23.2986666666667
77055,"Brou-sur-Chantereine",21.3
77056,"Burcy",19.539
77057,"Bussières",20.197
77058,"Bussy-Saint-Georges",24.0166666666667
77059,"Bussy-Saint-Martin",29.208
77060,"Buthiers",24.0195238095238
77061,"Cannes-Écluse",22.0744
77062,"Carnetin",26.6613333333333
77063,"La Celle-sur-Morin",24.806
77065,"Cély",28.9436666666667
77066,"Cerneux",22.2538461538462
77067,"Cesson",25.4266666666667
77068,"Cessoy-en-Montois",24.8112666666667
77069,"Chailly-en-Bière",25.4576
77070,"Chailly-en-Brie",23.0746666666667
77071,"Chaintreaux",23.2502857142857
77072,"Chalautre-la-Grande",20.168
77073,"Chalautre-la-Petite",24.3648148148148
77075,"Chalifert",26.6774166666667
77076,"Chalmaison",22.197
77077,"Chambry",23.6806666666667
77078,"Chamigny",23.585380952381
77079,"Champagne-sur-Seine",19.7242857142857
77080,"Champcenest",23.5842857142857
77081,"Champdeuil",24.2913333333333
77082,"Champeaux",24.0842857142857
77083,"Champs-sur-Marne",22.058
77084,"Changis-sur-Marne",24.3241666666667
77085,"Chanteloup-en-Brie",25.7006666666667
77086,"La Chapelle-Gauthier",23.0354166666667
77087,"La Chapelle-Iger",27.2406666666667
77088,"La Chapelle-la-Reine",22.5153333333333
77089,"La Chapelle-Rablais",24.636
77090,"La Chapelle-Saint-Sulpice",22.9093548387097
77091,"Les Chapelles-Bourbon",26.7304761904762
77093,"La Chapelle-Moutils",19.8086666666667
77094,"Charmentray",25.6514285714286
77095,"Charny",25.8566666666667
77096,"Chartrettes",28.6646428571429
77097,"Chartronges",23.1828571428571
77098,"Châteaubleau",22.7452380952381
77099,"Château-Landon",20.0655555555556
77100,"Le Châtelet-en-Brie",24.542
77101,"Châtenay-sur-Seine",21.76875
77102,"Châtenoy",22.4135714285714
77103,"Châtillon-la-Borde",27.95
77104,"Châtres",27.269
77106,"Chauffry",23.7433333333333
77107,"Chaumes-en-Brie",23.7633333333333
77108,"Chelles",21.7255172413793
77109,"Chenoise-Cucharmoy",20.755
77110,"Chenou",25.0088888888889
77111,"Chessy",25.5352380952381
77112,"Chevrainvilliers",25.3995
77113,"Chevru",21.8104166666667
77114,"Chevry-Cossigny",26.485
77115,"Chevry-en-Sereine",23.6733333333333
77116,"Choisy-en-Brie",22.8316666666667
77117,"Citry",20.5083333333333
77118,"Claye-Souilly",25.5286666666667
77119,"Clos-Fontaine",23.3380952380952
77120,"Cocherel",21.6384615384615
77121,"Collégien",24.7594117647059
77122,"Combs-la-Ville",23.1215384615385
77123,"Compans",24.0922222222222
77124,"Conches-sur-Gondoire",30.735
77125,"Condé-Sainte-Libiaire",27.0185714285714
77126,"Congis-sur-Thérouanne",24.1652380952381
77127,"Coubert",24.3461538461538
77128,"Couilly-Pont-aux-Dames",26.2483333333333
77129,"Coulombs-en-Valois",21.9825316455696
77130,"Coulommes",24.1823333333333
77131,"Coulommiers",19.075
77132,"Coupvray",28.0504
77133,"Courcelles-en-Bassée",25.63
77134,"Courchamp",22.6153333333333
77135,"Courpalay",23.5933333333333
77136,"Courquetaine",30.045306122449
77137,"Courtacon",19.3816666666667
77138,"Courtomer",25.001
77139,"Courtry",25.3385714285714
77140,"Coutençon",23.2035
77141,"Coutevroult",25.5032142857143
77142,"Crécy-la-Chapelle",25.0084
77143,"Crégy-lès-Meaux",23.2971428571429
77144,"Crèvecoeur-en-Brie",25.0646428571429
77145,"Crisenoy",25.5517
77146,"Croissy-Beaubourg",28.234
77147,"La Croix-en-Brie",23.1526666666667
77148,"Crouy-sur-Ourcq",21.855
77150,"Cuisy",26.3565
77151,"Dagny",24.2673333333333
77152,"Dammarie-les-Lys",18.6942857142857
77153,"Dammartin-en-Goële",24.386
77154,"Dammartin-sur-Tigeaux",24.5363636363636
77155,"Dampmart",24.542
77156,"Darvault",22.5993333333333
77157,"Dhuisy",24.73
77158,"Diant",22.2635
77159,"Donnemarie-Dontilly",20.8698
77161,"Dormelles",26.496
77162,"Doue",22.6441666666667
77163,"Douy-la-Ramée",23.4038095238095
77164,"Échouboulains",22.7130434782609
77165,"Les Écrennes",25.5817391304348
77167,"Égligny",22.95
77168,"Égreville",20.835
77169,"Émerainville",24.5157575757576
77171,"Esbly",25.23
77172,"Esmans",22.556
77173,"Étrépilly",23.5008
77174,"Everly",20.7335
77175,"Évry-Grégy-sur-Yerre",27.6382777777778
77176,"Faremoutiers",23.0909523809524
77177,"Favières",27.7405555555556
77178,"Faÿ-lès-Nemours",23.8352
77179,"Féricy",27.9014285714286
77180,"Férolles-Attilly",31.806
77181,"Ferrières-en-Brie",26.6813333333333
77182,"La Ferté-Gaucher",17.4
77183,"La Ferté-sous-Jouarre",19.4026666666667
77184,"Flagy",23.2885714285714
77185,"Fleury-en-Bière",30.9293333333333
77186,"Fontainebleau",24.6066666666667
77187,"Fontaine-Fourches",19.1354838709677
77188,"Fontaine-le-Port",28.5928
77190,"Fontains",24.975
77191,"Fontenailles",24.6872222222222
77192,"Fontenay-Trésigny",22.6957142857143
77193,"Forfry",28.6739285714286
77194,"Forges",22.8993333333333
77195,"Fouju",26.1252380952381
77196,"Fresnes-sur-Marne",26.656
77197,"Frétoy",24.1052173913043
77198,"Fromont",24.741
77199,"Fublaines",23.2930434782609
77200,"Garentreville",26.3894444444444
77201,"Gastins",23.7061904761905
77202,"La Genevraye",23.468
77203,"Germigny-l'Évêque",27.9106666666667
77204,"Germigny-sous-Coulombs",22.1352380952381
77205,"Gesvres-le-Chapitre",27.1783333333333
77206,"Giremoutiers",22.8208
77207,"Gironville",20.9411666666667
77208,"Gouaix",20.95
77209,"Gouvernes",31.856
77210,"La Grande-Paroisse",22.7961111111111
77211,"Grandpuits-Bailly-Carrois",22.209
77212,"Gravon",25.5218333333333
77214,"Gressy",33.3
77215,"Gretz-Armainvilliers",21.8678787878788
77216,"Grez-sur-Loing",24.2229166666667
77217,"Grisy-Suisnes",26.7543888888889
77218,"Grisy-sur-Seine",19.7445
77219,"Guérard",26.0357142857143
77220,"Guercheville",24.0266666666667
77221,"Guermantes",31.1444444444444
77222,"Guignes",22.2310714285714
77223,"Gurcy-le-Châtel",22.7206666666667
77224,"Hautefeuille",24.4472222222222
77225,"La Haute-Maison",22.5306451612903
77226,"Héricy",27.3472727272727
77227,"Hermé",21.0871428571429
77228,"Hondevilliers",22.5905
77229,"La Houssaye-en-Brie",25.6080769230769
77230,"Ichy",22.1075
77231,"Isles-les-Meldeuses",21.655625
77232,"Isles-lès-Villenoy",26.177619047619
77233,"Iverny",23.6103333333333
77234,"Jablines",26.3865
77235,"Jaignes",23.5855
77236,"Jaulnes",22.8239285714286
77237,"Jossigny",25.4610555555556
77238,"Jouarre",21.2628571428571
77239,"Jouy-le-Châtel",21.9252173913043
77240,"Jouy-sur-Morin",20.7577777777778
77241,"Juilly",24.2172222222222
77242,"Jutigny",21.5413333333333
77243,"Lagny-sur-Marne",22.9928
77244,"Larchant",24.401724137931
77245,"Laval-en-Brie",22.5125806451613
77246,"Léchelle",21.2284
77247,"Lescherolles",21.76
77248,"Lesches",29.6077777777778
77249,"Lésigny",29.15625
77250,"Leudon-en-Brie",22.9573333333333
77251,"Lieusaint",21.922
77252,"Limoges-Fourches",25.7777777777778
77253,"Lissy",25.8504761904762
77254,"Liverdy-en-Brie",26.4682608695652
77255,"Livry-sur-Seine",26.2175
77256,"Lizines",22.4484615384615
77257,"Lizy-sur-Ourcq",17.8761538461538
77258,"Lognes",20.743
77259,"Longperrier",23.6528
77260,"Longueville",18.6864285714286
77261,"Lorrez-le-Bocage-Préaux",21.4893333333333
77262,"Louan-Villegruis-Fontaine",20.9417391304348
77263,"Luisetaines",21.1857142857143
77264,"Lumigny-Nesles-Ormeaux",24.7465384615385
77265,"Luzancy",21.6173333333333
77266,"Machault",24.6726666666667
77267,"La Madeleine-sur-Loing",23.019
77268,"Magny-le-Hongre",27.2870833333333
77269,"Maincy",25.6939130434783
77270,"Maisoncelles-en-Brie",26.436
77271,"Maisoncelles-en-Gâtinais",22.1034782608696
77272,"Maison-Rouge",22.82
77273,"Marchémoret",24.7365
77274,"Marcilly",24.48875
77275,"Les Marêts",21.84
77276,"Mareuil-lès-Meaux",24.304
77277,"Marles-en-Brie",25.3666666666667
77278,"Marolles-en-Brie",24.3786666666667
77279,"Marolles-sur-Seine",22.1461111111111
77280,"Mary-sur-Marne",24.0538095238095
77281,"Mauperthuis",24.9066666666667
77282,"Mauregard",23.0689361702128
77283,"May-en-Multien",21.9353333333333
77284,"Meaux",18.259
77285,"Le Mée-sur-Seine",17.6427777777778
77286,"Meigneux",24.987
77287,"Meilleray",19.5975
77288,"Melun",17.4670833333333
77289,"Melz-sur-Seine",21.09
77290,"Méry-sur-Marne",23.814
77291,"Le Mesnil-Amelot",21.31
77292,"Messy",26.8422222222222
77293,"Misy-sur-Yonne",22.505
77294,"Mitry-Mory",21.3333333333333
77295,"Moisenay",27.6980952380952
77296,"Moissy-Cramayel",20.508
77297,"Mondreville",23.158
77298,"Mons-en-Montois",22.256
77300,"Montceaux-lès-Meaux",25.5882051282051
77301,"Montceaux-lès-Provins",21.0797635135135
77302,"Montcourt-Fromonville",24.3976666666667
77303,"Montdauphin",21.83
77304,"Montenils",NA
77305,"Montereau-Fault-Yonne",14.9333333333333
77306,"Montereau-sur-le-Jard",26.721
77307,"Montévrain",24.8367741935484
77308,"Montgé-en-Goële",25.905
77309,"Monthyon",24.0645263157895
77310,"Montigny-le-Guesdier",22.2166666666667
77311,"Montigny-Lencoup",23.2677777777778
77312,"Montigny-sur-Loing",26.051
77313,"Montmachoux",24.5533333333333
77314,"Montolivet",21.7608333333333
77315,"Montry",25.462
77316,"Moret-Loing-et-Orvanne",24.9966666666667
77317,"Mormant",20.8728571428571
77318,"Mortcerf",24.9036
77319,"Mortery",21.772
77320,"Mouroux",22.8913333333333
77321,"Mousseaux-lès-Bray",20.5286666666667
77322,"Moussy-le-Neuf",25.257619047619
77323,"Moussy-le-Vieux",24.5814285714286
77325,"Mouy-sur-Seine",21.7464
77326,"Nandy",22.2490476190476
77327,"Nangis",18.1933333333333
77328,"Nanteau-sur-Essonne",25.396
77329,"Nanteau-sur-Lunain",25.0824242424242
77330,"Nanteuil-lès-Meaux",23.738
77331,"Nanteuil-sur-Marne",21.182
77332,"Nantouillet",25.1384
77333,"Nemours",17.6770833333333
77335,"Chauconin-Neufmontiers",24.268
77336,"Neufmoutiers-en-Brie",25.6915416666667
77337,"Noisiel",19.2866666666667
77338,"Noisy-Rudignon",22.9585714285714
77339,"Noisy-sur-École",30.5115
77340,"Nonville",25.8995652173913
77341,"Noyen-sur-Seine",21.457619047619
77342,"Obsonville",23.9593333333333
77343,"Ocquerre",22.9387096774194
77344,"Oissery",24.958
77345,"Orly-sur-Morin",22.855
77347,"Les Ormes-sur-Voulzie",21.8393260869565
77348,"Ormesson",27.558
77349,"Othis",24.8126666666667
77350,"Ozoir-la-Ferrière",25.322
77352,"Ozouer-le-Voulgis",26.0544
77353,"Paley",25.3571428571429
77354,"Pamfou",23.8435714285714
77355,"Paroy",24.0104761904762
77356,"Passy-sur-Seine",NA
77357,"Pécy",23.2884
77358,"Penchard",25.32
77359,"Perthes",27.158
77360,"Pézarches",24.4877777777778
77361,"Pierre-Levée",24.369
77363,"Le Pin",25.4626666666667
77364,"Le Plessis-aux-Bois",22.72
77365,"Le Plessis-Feu-Aussoux",25.7472222222222
77366,"Le Plessis-l'Évêque",25.045
77367,"Le Plessis-Placy",21.943
77368,"Poigny",20.8185714285714
77369,"Poincy",26.4812
77370,"Poligny",23.9844444444444
77371,"Pommeuse",23.2704
77372,"Pomponne",25.351
77373,"Pontault-Combault",22.717
77374,"Pontcarré",26.1295652173913
77376,"Précy-sur-Marne",25.2646428571429
77377,"Presles-en-Brie",25.632
77378,"Pringy",25.1285714285714
77379,"Provins",17.595
77380,"Puisieux",25.1760869565217
77381,"Quiers",24.334
77382,"Quincy-Voisins",25.5338888888889
77383,"Rampillon",23.6719047619048
77384,"Réau",24.1803571428571
77385,"Rebais",19.5206666666667
77386,"Recloses",27.1873333333333
77387,"Remauville",23.4303571428571
77388,"Reuil-en-Brie",23.748
77389,"La Rochette",26.4553333333333
77390,"Roissy-en-Brie",22.2024
77391,"Rouilly",22.1333333333333
77392,"Rouvres",26.0290476190476
77393,"Rozay-en-Brie",23.3186666666667
77394,"Rubelles",27.006
77395,"Rumont",23.4406666666667
77396,"Rupéreux",23.9495833333333
77397,"Saâcy-sur-Marne",21.524
77398,"Sablonnières",21.5053333333333
77400,"Saint-Augustin",24.8532
77401,"Sainte-Aulde",23.8655555555556
77402,"Saint-Barthélemy",20.28
77403,"Saint-Brice",22.807
77404,"Sainte-Colombe",20.7257142857143
77405,"Saint-Cyr-sur-Morin",23.1292857142857
77406,"Saint-Denis-lès-Rebais",24.2258333333333
77407,"Saint-Fargeau-Ponthierry",23.451
77408,"Saint-Fiacre",27.0619047619048
77409,"Saint-Germain-Laval",21.2107692307692
77410,"Saint-Germain-Laxis",25.6108695652174
77411,"Saint-Germain-sous-Doue",22.7509523809524
77412,"Saint-Germain-sur-École",25.4553333333333
77413,"Saint-Germain-sur-Morin",25.63
77414,"Saint-Hilliers",21.7547619047619
77415,"Saint-Jean-les-Deux-Jumeaux",23.804375
77416,"Saint-Just-en-Brie",24.8161111111111
77417,"Saint-Léger",23.7528888888889
77418,"Saint-Loup-de-Naud",21.31
77419,"Saint-Mammès",22.5761538461538
77420,"Saint-Mard",24.6735
77421,"Saint-Mars-Vieux-Maisons",21.8133333333333
77423,"Saint-Martin-des-Champs",22.0967037037037
77424,"Saint-Martin-du-Boschet",20.92
77425,"Saint-Martin-en-Bière",30.9108095238095
77426,"Saint-Méry",26.9626086956522
77427,"Saint-Mesmes",25.4669565217391
77428,"Saint-Ouen-en-Brie",25.6638888888889
77429,"Saint-Ouen-sur-Morin",23.8373333333333
77430,"Saint-Pathus",24.8923076923077
77431,"Saint-Pierre-lès-Nemours",22.4566666666667
77432,"Saint-Rémy-la-Vanne",22.92
77433,"Beautheil-Saints",24.2372222222222
77434,"Saint-Sauveur-lès-Bray",22.9852380952381
77435,"Saint-Sauveur-sur-École",30.1816666666667
77436,"Saint-Siméon",23.9434782608696
77437,"Saint-Soupplets",23.0842857142857
77438,"Saint-Thibault-des-Vignes",24.9961111111111
77439,"Salins",22.904
77440,"Sammeron",23.0725
77441,"Samois-sur-Seine",30.71
77442,"Samoreau",27.8535
77443,"Sancy",24.79
77444,"Sancy-lès-Provins",21.8132142857143
77445,"Savigny-le-Temple",20.248
77446,"Savins",22.4154166666667
77447,"Seine-Port",31.2271111111111
77448,"Sept-Sorts",23.401
77449,"Serris",23.6393103448276
77450,"Servon",27.9583333333333
77451,"Signy-Signets",23.7049523809524
77452,"Sigy",NA
77453,"Sivry-Courtry",25.7856
77454,"Sognolles-en-Montois",22.8338095238095
77455,"Soignolles-en-Brie",25.4566666666667
77456,"Soisy-Bouy",22.2866666666667
77457,"Solers",24.1605
77458,"Souppes-sur-Loing",19.0433333333333
77459,"Sourdun",20.7353488372093
77460,"Tancrou",23.567
77461,"Thénisy",23.175
77462,"Thieux",22.4283333333333
77463,"Thomery",27.0984
77464,"Thorigny-sur-Marne",23.5376
77465,"Thoury-Férottes",23.6722222222222
77466,"Tigeaux",26.6893333333333
77467,"La Tombe",21.503
77468,"Torcy",19.5090476190476
77469,"Touquin",24.249
77470,"Tournan-en-Brie",23.3471428571429
77471,"Tousson",24.3985
77472,"La Trétoire",22.0426666666667
77473,"Treuzy-Levelay",25.5485714285714
77474,"Trilbardou",23.6344444444444
77475,"Trilport",24.065
77476,"Trocy-en-Multien",24.106
77477,"Ury",25.2022222222222
77478,"Ussy-sur-Marne",22.288
77479,"Vaires-sur-Marne",24.0473913043478
77480,"Valence-en-Brie",22.1525806451613
77481,"Vanvillé",23.4076
77482,"Varennes-sur-Seine",19.83625
77483,"Varreddes",24.084
77484,"Vaucourtois",24.5508333333333
77485,"Le Vaudoué",26.0512
77486,"Vaudoy-en-Brie",23.155
77487,"Vaux-le-Pénil",25.173
77489,"Vaux-sur-Lunain",23.4299642857143
77490,"Vendrest",21.47375
77492,"Verdelot",22.242
77493,"Verneuil-l'Étang",22.8295238095238
77494,"Vernou-la-Celle-sur-Seine",24.1573913043478
77495,"Vert-Saint-Denis",24.0948
77496,"Vieux-Champagne",23.7555
77498,"Vignely",23.5080952380952
77500,"Villebéon",22.0216666666667
77501,"Villecerf",25.3095652173913
77504,"Villemaréchal",23.6033333333333
77505,"Villemareuil",25.3771428571429
77506,"Villemer",23.7561111111111
77507,"Villenauxe-la-Petite",19.8280952380952
77508,"Villeneuve-le-Comte",25.8983333333333
77509,"Villeneuve-les-Bordes",22.9905555555556
77510,"Villeneuve-Saint-Denis",27.6790476190476
77511,"Villeneuve-sous-Dammartin",21.331724137931
77512,"Villeneuve-sur-Bellot",20.4324
77513,"Villenoy",23.1186666666667
77514,"Villeparisis",20.8353333333333
77515,"Villeroy",24.7316787439614
77516,"Ville-Saint-Jacques",24.1866666666667
77517,"Villevaudé",25.7506666666667
77518,"Villiers-en-Bière",29.8638709677419
77519,"Villiers-Saint-Georges",19.6966666666667
77520,"Villiers-sous-Grez",26.3942857142857
77521,"Villiers-sur-Morin",25.3133333333333
77522,"Villiers-sur-Seine",20.4890476190476
77523,"Villuis",22.08075
77524,"Vimpelles",22.7280952380952
77525,"Vinantes",25.1233333333333
77526,"Vincy-Manoeuvre",24.4434285714286
77527,"Voinsles",24.597
77528,"Voisenon",26.696
77529,"Voulangis",26.5911111111111
77530,"Voulton",23.6933333333333
77531,"Voulx",21.0129166666667
77532,"Vulaines-lès-Provins",NA
77533,"Vulaines-sur-Seine",28.3073333333333
77534,"Yèbles",25.294
78003,"Ablis",24.8638095238095
78005,"Achères",21.4311111111111
78006,"Adainville",27.3055507246377
78007,"Aigremont",38.5988
78009,"Allainville",23.66
78010,"Les Alluets-le-Roi",33.4685
78013,"Andelu",28.1864
78015,"Andrésy",27.557
78020,"Arnouville-lès-Mantes",28.1015
78029,"Aubergenville",20.832
78030,"Auffargis",30.0304761904762
78031,"Auffreville-Brasseuil",27.8526530612245
78033,"Aulnay-sur-Mauldre",27.524
78034,"Auteuil",30.3566666666667
78036,"Autouillet",32.926
78043,"Bailly",35.65
78048,"Bazainville",28.4758333333333
78049,"Bazemont",31.8544444444444
78050,"Bazoches-sur-Guyonne",34.7692777777778
78053,"Béhoust",30.7366666666667
78057,"Bennecourt",24.102380952381
78062,"Beynes",27.8835
78068,"Blaru",24.2583333333333
78070,"Boinville-en-Mantois",26.8916666666667
78071,"Boinville-le-Gaillard",24.9133333333333
78072,"Boinvilliers",30.3445
78073,"Bois-d'Arcy",25.4973333333333
78076,"Boissets",26.1088888888889
78077,"La Boissière-École",25.0173333333333
78082,"Boissy-Mauvoisin",24.047
78084,"Boissy-sans-Avoir",28.3898541666667
78087,"Bonnelles",28.217619047619
78089,"Bonnières-sur-Seine",19.9586979166667
78090,"Bouafle",26.1033333333333
78092,"Bougival",30.5278260869565
78096,"Bourdonné",30.1233333333333
78104,"Breuil-Bois-Robert",26.672380952381
78107,"Bréval",25.335
78108,"Les Bréviaires",28.4705555555556
78113,"Brueil-en-Vexin",25.5934782608696
78117,"Buc",33.1157142857143
78118,"Buchelay",22.078
78120,"Bullion",30.3456
78123,"Carrières-sous-Poissy",20.0346428571429
78124,"Carrières-sur-Seine",29.2765217391304
78125,"La Celle-les-Bordes",33.338
78126,"La Celle-Saint-Cloud",27.9486956521739
78128,"Cernay-la-Ville",31.8468
78133,"Chambourcy",31.11
78138,"Chanteloup-les-Vignes",17.5935
78140,"Chapet",31.6573333333333
78143,"Châteaufort",34.9536666666667
78146,"Chatou",30.4977777777778
78147,"Chaufour-lès-Bonnières",25.7954761904762
78152,"Chavenay",38.5708
78158,"Le Chesnay-Rocquencourt",31.4832
78160,"Chevreuse",30.2946153846154
78162,"Choisel",32.6426666666667
78163,"Civry-la-Forêt",26.9519047619048
78164,"Clairefontaine-en-Yvelines",32.8153846153846
78165,"Les Clayes-sous-Bois",23.9029166666667
78168,"Coignières",22.1160869565217
78171,"Condé-sur-Vesgre",28.4675555555556
78172,"Conflans-Sainte-Honorine",24.43
78185,"Courgent",30.7353333333333
78188,"Cravent",24.5629166666667
78189,"Crespières",34.1048
78190,"Croissy-sur-Seine",37.3175
78192,"Dammartin-en-Serve",24.263
78193,"Dampierre-en-Yvelines",32.81675
78194,"Dannemarie",30.8993333333333
78196,"Davron",35.6425806451613
78202,"Drocourt",24.4439130434783
78206,"Ecquevilly",24.8307692307692
78208,"Élancourt",24.1344
78209,"Émancé",28.7747619047619
78217,"Épône",24.4543333333333
78220,"Les Essarts-le-Roi",26.8967857142857
78224,"L'Étang-la-Ville",38.8356666666667
78227,"Évecquemont",28.036
78230,"La Falaise",27.1733333333333
78231,"Favrieux",27.1119047619048
78233,"Feucherolles",39.018
78234,"Flacourt",25.9093103448276
78236,"Flexanville",29.1789285714286
78237,"Flins-Neuve-Église",24.7046428571429
78238,"Flins-sur-Seine",24.7590476190476
78239,"Follainville-Dennemont",23.1280952380952
78242,"Fontenay-le-Fleury",24.2433333333333
78245,"Fontenay-Mauvoisin",29.27245
78246,"Fontenay-Saint-Père",26.1827272727273
78255,"Freneuse",21.2946666666667
78261,"Gaillon-sur-Montcient",27.4811267605634
78262,"Galluis",28.3965217391304
78263,"Gambais",29.5911904761905
78264,"Gambaiseuil",NA
78265,"Garancières",28.1282857142857
78267,"Gargenville",23.2026666666667
78269,"Gazeran",29.74
78276,"Gommecourt",23.354
78278,"Goupillières",29.5386666666667
78281,"Goussonville",27.172
78283,"Grandchamp",25.8939130434783
78285,"Gressey",28.8361904761905
78289,"Grosrouvre",34.4228571428571
78290,"Guernes",24.2052380952381
78291,"Guerville",24.9683333333333
78296,"Guitrancourt",25.8358333333333
78297,"Guyancourt",23.3180952380952
78299,"Hardricourt",24.4719047619048
78300,"Hargeville",30.397619047619
78302,"La Hauteville",28.9019512195122
78305,"Herbeville",34.9290476190476
78307,"Hermeray",28.5005
78310,"Houdan",22.2007142857143
78311,"Houilles",27.5142857142857
78314,"Issou",23.1766666666667
78317,"Jambville",26.3890476190476
78320,"Notre-Dame-de-la-Mer",24.3018
78321,"Jouars-Pontchartrain",31.2326666666667
78322,"Jouy-en-Josas",33.5883333333333
78324,"Jouy-Mauvoisin",25.8533333333333
78325,"Jumeauville",27.716
78327,"Juziers",23.9472222222222
78329,"Lainville-en-Vexin",27.4030434782609
78334,"Lévis-Saint-Nom",31.5386666666667
78335,"Limay",18.741
78337,"Limetz-Villez",23.5062962962963
78343,"Les Loges-en-Josas",37.6593333333333
78344,"Lommoye",25.6317391304348
78346,"Longnes",25.5380952380952
78349,"Longvilliers",32.1661111111111
78350,"Louveciennes",34.5085
78354,"Magnanville",22.7686666666667
78356,"Magny-les-Hameaux",26.2857142857143
78358,"Maisons-Laffitte",34.0346666666667
78361,"Mantes-la-Jolie",15.6395
78362,"Mantes-la-Ville",19.0013793103448
78364,"Marcq",29.9038888888889
78366,"Mareil-le-Guyon",30.5814285714286
78367,"Mareil-Marly",36.7370967741935
78368,"Mareil-sur-Mauldre",32.2726666666667
78372,"Marly-le-Roi",29.4433333333333
78380,"Maule",27.8817857142857
78381,"Maulette",25.6635
78382,"Maurecourt",27.4217857142857
78383,"Maurepas",25.2040740740741
78384,"Médan",35.3523076923077
78385,"Ménerville",23.9523333333333
78389,"Méré",32.708347826087
78391,"Méricourt",23.117
78396,"Le Mesnil-le-Roi",32.7376
78397,"Le Mesnil-Saint-Denis",31.3791666666667
78398,"Les Mesnuls",31.5466666666667
78401,"Meulan-en-Yvelines",20.358
78402,"Mézières-sur-Seine",25.1286794871795
78403,"Mézy-sur-Seine",25.849
78404,"Millemont",30.044
78406,"Milon-la-Chapelle",39.244
78407,"Mittainville",26.8346153846154
78410,"Moisson",24.183
78413,"Mondreville",23.3173913043478
78415,"Montainville",32.4435
78416,"Montalet-le-Bois",27.6589285714286
78417,"Montchauvet",28.1052
78418,"Montesson",29.56
78420,"Montfort-l'Amaury",30.2808333333333
78423,"Montigny-le-Bretonneux",28.4815
78431,"Morainvilliers",33.7056
78437,"Mousseaux-sur-Seine",25.6830769230769
78439,"Mulcent",28.8976666666667
78440,"Les Mureaux",16.7495833333333
78442,"Neauphle-le-Château",29.2726666666667
78443,"Neauphle-le-Vieux",30.8280952380952
78444,"Neauphlette",26.7525
78451,"Nézel",25.0676923076923
78455,"Noisy-le-Roi",35.4546666666667
78460,"Oinville-sur-Montcient",28.2713333333333
78464,"Orcemont",27.5066666666667
78465,"Orgerus",27.4144444444444
78466,"Orgeval",35.107619047619
78470,"Orphin",28.8724
78472,"Orsonville",23.5680952380952
78474,"Orvilliers",24.5892307692308
78475,"Osmoy",29.7633333333333
78478,"Paray-Douaville",26.0652380952381
78481,"Le Pecq",28.1925
78484,"Perdreauville",26.3642857142857
78486,"Le Perray-en-Yvelines",26.726
78490,"Plaisir",23.4765
78497,"Poigny-la-Forêt",32.936
78498,"Poissy",22.1844444444444
78499,"Ponthévrard",28.876
78501,"Porcheville",22.9236
78502,"Le Port-Marly",25.389
78505,"Prunay-le-Temple",25.2986666666667
78506,"Prunay-en-Yvelines",27.835
78513,"La Queue-les-Yvelines",27.7155555555556
78516,"Raizeux",28.8842857142857
78517,"Rambouillet",25.6273333333333
78518,"Rennemoulin",36.0810714285714
78520,"Richebourg",28.5408
78522,"Rochefort-en-Yvelines",33.2875
78528,"Rolleboise",21.6414285714286
78530,"Rosay",25.2246666666667
78531,"Rosny-sur-Seine",21.4553333333333
78536,"Sailly",25.3775
78537,"Saint-Arnoult-en-Yvelines",27.4747619047619
78545,"Saint-Cyr-l'École",23.8775
78548,"Saint-Forget",35.3348
78550,"Saint-Germain-de-la-Grange",32.642
78551,"Saint-Germain-en-Laye",30.5665
78557,"Saint-Hilarion",26.82
78558,"Saint-Illiers-la-Ville",24.1607692307692
78559,"Saint-Illiers-le-Bois",25.4082142857143
78561,"Saint-Lambert",36.3114705882353
78562,"Saint-Léger-en-Yvelines",28.2511111111111
78564,"Saint-Martin-de-Bréthencourt",26.9330769230769
78565,"Saint-Martin-des-Champs",29.3115
78567,"Saint-Martin-la-Garenne",26.0906666666667
78569,"Sainte-Mesme",27.88
78571,"Saint-Nom-la-Bretèche",42.008
78575,"Saint-Rémy-lès-Chevreuse",32.875
78576,"Saint-Rémy-l'Honoré",31.387
78586,"Sartrouville",22.752
78588,"Saulx-Marchais",27.6021739130435
78590,"Senlisse",30.7393333333333
78591,"Septeuil",25.7408
78597,"Soindres",27.4594444444444
78601,"Sonchamp",27.5013793103448
78605,"Tacoignières",27.8752
78606,"Le Tartre-Gaudran",NA
78608,"Le Tertre-Saint-Denis",NA
78609,"Tessancourt-sur-Aubette",27.4257142857143
78615,"Thiverval-Grignon",27.544
78616,"Thoiry",27.2316
78618,"Tilly",26.2653333333333
78620,"Toussus-le-Noble",32.8164
78621,"Trappes",16.546
78623,"Le Tremblay-sur-Mauldre",27.8979487179487
78624,"Triel-sur-Seine",26.825
78638,"Vaux-sur-Seine",26.6720833333333
78640,"Vélizy-Villacoublay",26.5395238095238
78642,"Verneuil-sur-Seine",26.233
78643,"Vernouillet",26.4409523809524
78644,"La Verrière",17.5093333333333
78646,"Versailles",30.7125
78647,"Vert",27.8415
78650,"Le Vésinet",39.2647619047619
78653,"Vicq",32.7748387096774
78655,"Vieille-Église-en-Yvelines",32.8272222222222
78668,"La Villeneuve-en-Chevrie",25.9347619047619
78672,"Villennes-sur-Seine",35.96
78674,"Villepreux",26.7009523809524
78677,"Villette",26.428
78681,"Villiers-le-Mahieu",27.802
78683,"Villiers-Saint-Frédéric",30.786
78686,"Viroflay",33.25375
78688,"Voisins-le-Bretonneux",33.3326666666667
91001,"Abbéville-la-Rivière",24.4190476190476
91016,"Angerville",20.424347826087
91017,"Angervilliers",27.222
91021,"Arpajon",20.4006666666667
91022,"Arrancourt",23.3717272727273
91027,"Athis-Mons",20.8353333333333
91035,"Authon-la-Plaine",23.1772222222222
91037,"Auvernaux",26.2853333333333
91038,"Auvers-Saint-Georges",27.86375
91041,"Avrainville",27.0992
91044,"Ballainvilliers",26.9438888888889
91045,"Ballancourt-sur-Essonne",23.99
91047,"Baulne",25.268
91064,"Bièvres",32.0783333333333
91067,"Blandy",21.5496
91069,"Boigneville",22.828
91075,"Bois-Herpin",NA
91079,"Boissy-la-Rivière",27.99
91080,"Boissy-le-Cutté",24.3190476190476
91081,"Boissy-le-Sec",25.3738095238095
91085,"Boissy-sous-Saint-Yon",25.522
91086,"Bondoufle",25.445
91093,"Boullay-les-Troux",34.924347826087
91095,"Bouray-sur-Juine",26.4573333333333
91097,"Boussy-Saint-Antoine",22.5422222222222
91098,"Boutervilliers",25.7838095238095
91099,"Boutigny-sur-Essonne",25.4828571428571
91100,"Bouville",25.6861666666667
91103,"Brétigny-sur-Orge",22.0495
91105,"Breuillet",24.9333333333333
91106,"Breux-Jouy",26.16
91109,"Brières-les-Scellés",24.5335714285714
91111,"Briis-sous-Forges",28.0842857142857
91112,"Brouy",25.8366666666667
91114,"Brunoy",24.9557692307692
91115,"Bruyères-le-Châtel",26.6911111111111
91121,"Buno-Bonnevaux",24.052380952381
91122,"Bures-sur-Yvette",31.7688888888889
91129,"Cerny",25.5773333333333
91130,"Chalo-Saint-Mars",25.7231034482759
91131,"Chalou-Moulineux",24.762380952381
91132,"Chamarande",25.673
91135,"Champcueil",25.5666666666667
91136,"Champlan",23.4591794871795
91137,"Champmotteux",24.1409523809524
91145,"Chatignonville",NA
91148,"Chauffour-lès-Étréchy",30.5531428571429
91156,"Cheptainville",27.22
91159,"Chevannes",25.8073333333333
91161,"Chilly-Mazarin",21.7126666666667
91174,"Corbeil-Essonnes",17.0553846153846
91175,"Corbreuse",24.7382608695652
91179,"Le Coudray-Montceaux",24.3535714285714
91180,"Courances",30.804
91184,"Courdimanche-sur-Essonne",25.8945
91186,"Courson-Monteloup",29.3544
91191,"Crosne",23.814
91195,"Dannemois",26.258
91198,"D'Huison-Longueville",26.387
91200,"Dourdan",21.457
91201,"Draveil",23.9151666666667
91204,"Écharcon",27.8708333333333
91207,"Égly",21.4624
91215,"Épinay-sous-Sénart",17.1728571428571
91216,"Épinay-sur-Orge",26.763
91223,"Étampes",18.5566666666667
91225,"Étiolles",31.4406666666667
91226,"Étréchy",25.0325
91228,"Évry-Courcouronnes",17.107
91232,"La Ferté-Alais",24.272
91235,"Fleury-Mérogis",18.3
91240,"Fontaine-la-Rivière",26.9673913043478
91243,"Fontenay-lès-Briis",27.4405
91244,"Fontenay-le-Vicomte",24.7926666666667
91247,"La Forêt-le-Roi",25.164
91248,"La Forêt-Sainte-Croix",22.626
91249,"Forges-les-Bains",27.5839130434783
91272,"Gif-sur-Yvette",33.2945
91273,"Gironville-sur-Essonne",23.5853333333333
91274,"Gometz-la-Ville",31.0814285714286
91275,"Gometz-le-Châtel",29.234
91284,"Les Granges-le-Roi",25.0286956521739
91286,"Grigny",13.0257692307692
91292,"Guibeville",27.8412
91293,"Guigneville-sur-Essonne",25.631
91294,"Guillerval",25.06875
91312,"Igny",29.272
91315,"Itteville",25.7708
91318,"Janville-sur-Juine",27.59
91319,"Janvry",28.8209523809524
91326,"Juvisy-sur-Orge",22.4777777777778
91330,"Lardy",26.5446666666667
91332,"Leudeville",28.1619047619048
91333,"Leuville-sur-Orge",25.6153333333333
91338,"Limours",28.1227777777778
91339,"Linas",24.7790476190476
91340,"Lisses",24.2565
91345,"Longjumeau",21.876
91347,"Longpont-sur-Orge",26.9035
91359,"Maisse",23.0775897435897
91363,"Marcoussis",27.0953846153846
91374,"Marolles-en-Beauce",25.0445
91376,"Marolles-en-Hurepoix",26.4273333333333
91377,"Massy",22.511
91378,"Mauchamps",27.146
91386,"Mennecy",25.9866666666667
91390,"Le Mérévillois",22.9221052631579
91393,"Mérobert",23.6204444444444
91399,"Mespuits",21.9493103448276
91405,"Milly-la-Forêt",24.768
91408,"Moigny-sur-École",27.1106666666667
91411,"Les Molières",32.5225
91412,"Mondeville",25.69
91414,"Monnerville",23.5019047619048
91421,"Montgeron",23.356
91425,"Montlhéry",24.892
91432,"Morangis",24.277
91433,"Morigny-Champigny",25.974
91434,"Morsang-sur-Orge",23.062
91435,"Morsang-sur-Seine",33.0833333333333
91441,"Nainville-les-Roches",26.3822222222222
91457,"La Norville",26.938
91458,"Nozay",27.933196969697
91461,"Ollainville",25.6273170731707
91463,"Oncy-sur-École",25.5338333333333
91468,"Ormoy",24.0585714285714
91469,"Ormoy-la-Rivière",26.7553333333333
91471,"Orsay",30.4172
91473,"Orveau",26.2484
91477,"Palaiseau",26.3655555555556
91479,"Paray-Vieille-Poste",23.994
91482,"Pecqueuse",28.277619047619
91494,"Le Plessis-Pâté",27.2780769230769
91495,"Plessis-Saint-Benoist",23.659
91507,"Prunay-sur-Essonne",23.9277777777778
91508,"Puiselet-le-Marais",26.7654166666667
91511,"Pussay",21.2003846153846
91514,"Quincy-sous-Sénart",22.3960714285714
91519,"Richarville",26.98
91521,"Ris-Orangis",18.9618333333333
91525,"Roinville",26.9926666666667
91526,"Roinvilliers",27.4622222222222
91533,"Saclas",22.986
91534,"Saclay",32.0457142857143
91538,"Saint-Aubin",36.1695
91540,"Saint-Chéron",24.783
91544,"Saint-Cyr-la-Rivière",26.0109523809524
91546,"Saint-Cyr-sous-Dourdan",27.9641304347826
91547,"Saint-Escobille",23.19
91549,"Sainte-Geneviève-des-Bois",22.37
91552,"Saint-Germain-lès-Arpajon",22.4072727272727
91553,"Saint-Germain-lès-Corbeil",28.1642857142857
91556,"Saint-Hilaire",27.202
91560,"Saint-Jean-de-Beauregard",27.2061904761905
91568,"Saint-Maurice-Montcouronne",31.0266666666667
91570,"Saint-Michel-sur-Orge",22.0990476190476
91573,"Saint-Pierre-du-Perray",24.1780952380952
91577,"Saintry-sur-Seine",25.9656666666667
91578,"Saint-Sulpice-de-Favières",31.2788
91579,"Saint-Vrain",26.8013043478261
91581,"Saint-Yon",30.0658241758242
91587,"Saulx-les-Chartreux",25.1924
91589,"Savigny-sur-Orge",24.0126666666667
91593,"Sermaise",26.773
91599,"Soisy-sur-École",26.1905619047619
91600,"Soisy-sur-Seine",29.38
91602,"Souzy-la-Briche",26.232
91613,"Congerville-Thionville",23.0578260869565
91617,"Tigery",25.455
91619,"Torfou",29.07
91629,"Valpuiseaux",25.1176
91630,"Le Val-Saint-Germain",28.781
91631,"Varennes-Jarcy",29.494
91634,"Vaugrigneuse",26.9439393939394
91635,"Vauhallan",34.94
91639,"Vayres-sur-Essonne",24.242380952381
91645,"Verrières-le-Buisson",33.9334
91648,"Vert-le-Grand",26.5790476190476
91649,"Vert-le-Petit",25.2417391304348
91654,"Videlles",26.6596
91657,"Vigneux-sur-Seine",19.6493333333333
91659,"Villabé",23.605
91661,"Villebon-sur-Yvette",27.629
91662,"Villeconin",28.795
91665,"La Ville-du-Bois",25.4315384615385
91666,"Villejust",26.378
91667,"Villemoisson-sur-Orge",28.7171428571429
91671,"Villeneuve-sur-Auvers",26.8985714285714
91679,"Villiers-le-Bâcle",31.5384
91685,"Villiers-sur-Orge",26.2280952380952
91687,"Viry-Châtillon",20.52
91689,"Wissous",27.1311111111111
91691,"Yerres",25.746
91692,"Les Ulis",18.2957142857143
92002,"Antony",29.0995238095238
92004,"Asnières-sur-Seine",24.3705
92007,"Bagneux",18.7383333333333
92009,"Bois-Colombes",28.76
92012,"Boulogne-Billancourt",31.7773333333333
92014,"Bourg-la-Reine",31.0386666666667
92019,"Châtenay-Malabry",24.15
92020,"Châtillon",27.5424
92022,"Chaville",29.5608
92023,"Clamart",26.1626666666667
92024,"Clichy",18.7886666666667
92025,"Colombes",21.6394444444444
92026,"Courbevoie",29.3891304347826
92032,"Fontenay-aux-Roses",24.9228125
92033,"Garches",33.5485714285714
92035,"La Garenne-Colombes",29.454
92036,"Gennevilliers",16.716
92040,"Issy-les-Moulineaux",30.422
92044,"Levallois-Perret",30.9306666666667
92046,"Malakoff",23.0872222222222
92047,"Marnes-la-Coquette",40.1904
92048,"Meudon",28.076
92049,"Montrouge",27.4773333333333
92050,"Nanterre",19.502
92051,"Neuilly-sur-Seine",43.8486666666667
92060,"Le Plessis-Robinson",27.5452777777778
92062,"Puteaux",26.9757
92063,"Rueil-Malmaison",30.1971428571429
92064,"Saint-Cloud",36.616
92071,"Sceaux",33.503
92072,"Sèvres",30.755
92073,"Suresnes",28.3707407407407
92075,"Vanves",27.857
92076,"Vaucresson",38.6944444444444
92077,"Ville-d'Avray",35.3382608695652
92078,"Villeneuve-la-Garenne",16.8433333333333
93001,"Aubervilliers",13.2406666666667
93005,"Aulnay-sous-Bois",17.2106060606061
93006,"Bagnolet",16.583
93007,"Le Blanc-Mesnil",15.80375
93008,"Bobigny",14.4516326530612
93010,"Bondy",15.9783333333333
93013,"Le Bourget",16.3246666666667
93014,"Clichy-sous-Bois",13.204
93015,"Coubron",25.4722580645161
93027,"La Courneuve",13.3993333333333
93029,"Drancy",16.846
93030,"Dugny",15.5842307692308
93031,"Épinay-sur-Seine",15.8438888888889
93032,"Gagny",21.1133333333333
93033,"Gournay-sur-Marne",27.6812
93039,"L'Île-Saint-Denis",15.772
93045,"Les Lilas",22.5458333333333
93046,"Livry-Gargan",20.4466666666667
93047,"Montfermeil",18.6214814814815
93048,"Montreuil",18.428
93049,"Neuilly-Plaisance",24.0358333333333
93050,"Neuilly-sur-Marne",19.1992105263158
93051,"Noisy-le-Grand",20.826
93053,"Noisy-le-Sec",16.3945
93055,"Pantin",16.8514285714286
93057,"Les Pavillons-sous-Bois",20.3573913043478
93059,"Pierrefitte-sur-Seine",14.5266666666667
93061,"Le Pré-Saint-Gervais",19.2565
93062,"Le Raincy",26.5637391304348
93063,"Romainville",17.68125
93064,"Rosny-sous-Bois",19.9466666666667
93066,"Saint-Denis",14.6215
93070,"Saint-Ouen-sur-Seine",17.3286666666667
93071,"Sevran",15.7836013513513
93072,"Stains",14.5983333333333
93073,"Tremblay-en-France",20.0095652173913
93074,"Vaujours",22.3888888888889
93077,"Villemomble",21.7822222222222
93078,"Villepinte",17.933
93079,"Villetaneuse",14.801
94001,"Ablon-sur-Seine",22.2161666666667
94002,"Alfortville",19.6945
94003,"Arcueil",21.5004347826087
94004,"Boissy-Saint-Léger",19.7795652173913
94011,"Bonneuil-sur-Marne",17.6880476190476
94015,"Bry-sur-Marne",29.0236666666667
94016,"Cachan",23.125641025641
94017,"Champigny-sur-Marne",19.2944444444444
94018,"Charenton-le-Pont",27.5709523809524
94019,"Chennevières-sur-Marne",21.5386666666667
94021,"Chevilly-Larue",20.9252
94022,"Choisy-le-Roi",19.1052857142857
94028,"Créteil",19.08625
94033,"Fontenay-sous-Bois",23.1491666666667
94034,"Fresnes",22.2260869565217
94037,"Gentilly",19.9138095238095
94038,"L'Haÿ-les-Roses",22.2734146341463
94041,"Ivry-sur-Seine",17.6628571428571
94042,"Joinville-le-Pont",25.5273333333333
94043,"Le Kremlin-Bicêtre",21.805
94044,"Limeil-Brévannes",20.9709523809524
94046,"Maisons-Alfort",24.8194444444444
94047,"Mandres-les-Roses",26.2571428571429
94048,"Marolles-en-Brie",30.1306666666667
94052,"Nogent-sur-Marne",30.2416666666667
94053,"Noiseau",26.25
94054,"Orly",17.754
94055,"Ormesson-sur-Marne",26.588
94056,"Périgny",27.26
94058,"Le Perreux-sur-Marne",28.317
94059,"Le Plessis-Trévise",24.3263333333333
94060,"La Queue-en-Brie",23.1241935483871
94065,"Rungis",28.7426666666667
94067,"Saint-Mandé",32.0746666666667
94068,"Saint-Maur-des-Fossés",29.2125
94069,"Saint-Maurice",25.9876
94070,"Santeny",29.0153333333333
94071,"Sucy-en-Brie",25.6536
94073,"Thiais",22.43125
94074,"Valenton",16.1166666666667
94075,"Villecresnes",25.7070952380952
94076,"Villejuif",19.4684615384615
94077,"Villeneuve-le-Roi",20.5386666666667
94078,"Villeneuve-Saint-Georges",15.5938095238095
94079,"Villiers-sur-Marne",21.288
94080,"Vincennes",31.4506666666667
94081,"Vitry-sur-Seine",17.9433333333333
95002,"Ableiges",27.4553846153846
95008,"Aincourt",24.9883623188406
95011,"Ambleville",24.3781818181818
95012,"Amenucourt",23.322
95014,"Andilly",28.199
95018,"Argenteuil",17.595
95019,"Arnouville",18.9833333333333
95023,"Arronville",27.6838888888889
95024,"Arthies",26.0536
95026,"Asnières-sur-Oise",26.13
95028,"Attainville",26.927
95039,"Auvers-sur-Oise",26.918
95040,"Avernes",27.683
95042,"Baillet-en-France",27.9552380952381
95046,"Banthelu",27.4480769230769
95051,"Beauchamp",26.1215384615385
95052,"Beaumont-sur-Oise",20.168
95054,"Le Bellay-en-Vexin",27.0526666666667
95055,"Bellefontaine",26.899
95056,"Belloy-en-France",25.8604761904762
95058,"Bernes-sur-Oise",22.1930434782609
95059,"Berville",26.981
95060,"Bessancourt",24.7942777777778
95061,"Béthemont-la-Forêt",29.25625
95063,"Bezons",19.0365641025641
95074,"Boisemont",30.2057142857143
95078,"Boissy-l'Aillerie",27.1196
95088,"Bonneuil-en-France",21.5973529411765
95091,"Bouffémont",23.8413333333333
95094,"Bouqueval",22.4216
95101,"Bray-et-Lû",22.85
95102,"Bréançon",29.0258333333333
95110,"Brignancourt",28.6129166666667
95116,"Bruyères-sur-Oise",21.5109523809524
95119,"Buhy",23.1477777777778
95120,"Butry-sur-Oise",26.38
95127,"Cergy",18.5548
95134,"Champagne-sur-Oise",24.6817391304348
95139,"La Chapelle-en-Vexin",24.8166666666667
95141,"Charmont",NA
95142,"Chars",23.3652380952381
95144,"Châtenay-en-France",NA
95149,"Chaumontel",27.0185
95150,"Chaussy",23.1853333333333
95151,"Chauvry",28.6893333333333
95154,"Chennevières-lès-Louvres",23.3066666666667
95157,"Chérence",23.7662962962963
95166,"Cléry-en-Vexin",26.8122222222222
95169,"Commeny",24.966
95170,"Condécourt",25.565875
95176,"Cormeilles-en-Parisis",26.0526666666667
95177,"Cormeilles-en-Vexin",24.397
95181,"Courcelles-sur-Viosne",27.051
95183,"Courdimanche",24.9366666666667
95197,"Deuil-la-Barre",22.731
95199,"Domont",23.816875
95203,"Eaubonne",24.8116666666667
95205,"Écouen",23.6285
95210,"Enghien-les-Bains",28.9847826086957
95211,"Ennery",27.23375
95212,"Épiais-lès-Louvres",NA
95213,"Épiais-Rhus",28.474
95214,"Épinay-Champlâtreux",NA
95218,"Éragny",22.617
95219,"Ermont",22.7553333333333
95229,"Ézanville",23.6452380952381
95241,"Fontenay-en-Parisis",24.5344827586207
95250,"Fosses",21.96
95252,"Franconville",22.052
95253,"Frémainville",29.6095238095238
95254,"Frémécourt",26.5780952380952
95256,"Frépillon",26.012380952381
95257,"La Frette-sur-Seine",28.8755172413793
95258,"Frouville",30.2942857142857
95268,"Garges-lès-Gonesse",14.182
95270,"Genainville",24.8312
95271,"Génicourt",28.0096
95277,"Gonesse",17.62625
95280,"Goussainville",16.8
95282,"Gouzangrez",26.4071428571429
95287,"Grisy-les-Plâtres",27.2205
95288,"Groslay",23.9508695652174
95295,"Guiry-en-Vexin",27.7767333333333
95298,"Haravilliers",27.9744444444444
95301,"Haute-Isle",23.185
95303,"Le Heaulme",26.2661111111111
95304,"Hédouville",33.6946666666667
95306,"Herblay-sur-Seine",25.1466666666667
95308,"Hérouville-en-Vexin",26.6253333333333
95309,"Hodent",23.982380952381
95313,"L'Isle-Adam",26.5260869565217
95316,"Jagny-sous-Bois",28.0013333333333
95323,"Jouy-le-Moutier",22.989
95328,"Labbeville",26.3370967741935
95331,"Lassy",27.4452380952381
95341,"Livilliers",29.2366666666667
95348,"Longuesse",27.5786666666667
95351,"Louvres",21.2838461538462
95352,"Luzarches",25.55125
95353,"Maffliers",25.8526666666667
95355,"Magny-en-Vexin",21.3404761904762
95365,"Mareil-en-France",27.2665
95369,"Margency",29.7169444444444
95370,"Marines",24.3965384615385
95371,"Marly-la-Ville",25.0265384615385
95379,"Maudétour-en-Vexin",31.04
95387,"Menouville",NA
95388,"Menucourt",24.4273333333333
95392,"Mériel",25.7095238095238
95394,"Méry-sur-Oise",23.9438095238095
95395,"Le Mesnil-Aubry",26.5261996336996
95409,"Moisselles",26.2666666666667
95422,"Montgeroult",28.7525
95424,"Montigny-lès-Cormeilles",19.9825
95426,"Montlignon",30.7513043478261
95427,"Montmagny",19.0555882352941
95428,"Montmorency",26.4111111111111
95429,"Montreuil-sur-Epte",24.424
95430,"Montsoult",27.2905555555556
95436,"Mours",26.076
95438,"Moussy",24.1593333333333
95445,"Nerville-la-Forêt",27.5905
95446,"Nesles-la-Vallée",28.6913333333333
95447,"Neuilly-en-Vexin",25.2855
95450,"Neuville-sur-Oise",30.203
95452,"Nointel",26.5092
95456,"Noisy-sur-Oise",25.708
95459,"Nucourt",25.2008
95462,"Omerville",24.6771428571429
95476,"Osny",24.0342857142857
95480,"Parmain",26.0990476190476
95483,"Le Perchay",26.168
95487,"Persan",17.7495652173913
95488,"Pierrelaye",21.464
95489,"Piscop",26.4313333333333
95491,"Le Plessis-Bouchard",26.7653571428571
95492,"Le Plessis-Gassot",NA
95493,"Le Plessis-Luzarches",26.7690476190476
95500,"Pontoise",20.00375
95504,"Presles",27.4352
95509,"Puiseux-en-France",24.496
95510,"Puiseux-Pontoise",25.1333333333333
95523,"La Roche-Guyon",21.8011538461538
95527,"Roissy-en-France",24.4766666666667
95529,"Ronquerolles",27.4577777777778
95535,"Sagy",26.902
95539,"Saint-Brice-sous-Forêt",22.681
95541,"Saint-Clair-sur-Epte",21.0090476190476
95543,"Saint-Cyr-en-Arthies",25.3805
95554,"Saint-Gervais",26.7688888888889
95555,"Saint-Gratien",21.7285714285714
95563,"Saint-Leu-la-Forêt",26.1553333333333
95566,"Saint-Martin-du-Tertre",23.882380952381
95572,"Saint-Ouen-l'Aumône",19.6326923076923
95574,"Saint-Prix",28.9261538461538
95580,"Saint-Witz",34.466
95582,"Sannois",22.1880952380952
95584,"Santeuil",28.6387857142857
95585,"Sarcelles",15.0735
95592,"Seraincourt",27.1261111111111
95594,"Seugy",27.147
95598,"Soisy-sous-Montmorency",23.7426666666667
95604,"Survilliers",21.8109523809524
95607,"Taverny",23.32
95610,"Théméricourt",27.7616666666667
95611,"Theuville",NA
95612,"Le Thillay",20.8626666666667
95625,"Us",26.3466666666667
95627,"Vallangoujard",28.929980952381
95628,"Valmondois",27.6544444444444
95633,"Vaudherland",NA
95637,"Vauréal",22.8935714285714
95641,"Vémars",24.9842857142857
95651,"Vétheuil",23.4065217391304
95652,"Viarmes",25.4
95656,"Vienne-en-Arthies",26.1606666666667
95658,"Vigny",27.4364
95660,"Villaines-sous-Bois",27.7935
95675,"Villeron",27.1195
95676,"Villers-en-Arthies",26.2488571428571
95678,"Villiers-Adam",29.7464434782609
95680,"Villiers-le-Bel",14.9030769230769
95682,"Villiers-le-Sec",26.1657142857143
95690,"Wy-dit-Joli-Village",29.516
